순위,책제목,저자,출판사
1,혼모노,성해나,창비
2,"첫 여름, 완주",김금희,무제
3,청춘의 독서,유시민,웅진지식하우스
4,안녕이라 그랬어,김애란,문학동네
5,단 한 번의 삶,김영하,복복서가
6,우리의 낙원에서 만나자,하태완,북로망스
7,소년이 온다,한강,창비
8,어른의 품격을 채우는 100일 필사 노트,김종원,청림Life
9,이재명 자서전,이재명,아시아
10,어른의 행복은 조용하다,태수,페이지2북스
11,모순,양귀자,쓰다
12,"2025 큰별쌤 최태성의 별별한국사 한국사능력검정시험 심화(1,2,3급) 상",최태성,이투스북
13,작은 땅의 야수들,김주혜,다산책방
14,"2025 큰별쌤 최태성의 별별한국사 한국사능력검정시험 심화(1,2,3급) 하",최태성,이투스북
15,"혹시, 돈 얘기해도 될까요?",주언규,필름
16,미술관에 간 할미,할미,더퀘스트
17,마침내 특이점이 시작된다,레이 커즈와일,비즈니스북스
18,위버멘쉬,프리드리히 니체,떠오름
19,ETS 토익 정기시험 기출문제집 1000 Vol. 4 RC,ETS,YBM(와이비엠)
20,워런 버핏 웨이,로버트 해그스트롬,상상스퀘어
21,초역 부처의 말,코이케 류노스케,포레스트북스
22,유지만 다이어트 레시피,유지만,길벗
23,원피스 ONE PIECE 111,오다 에이이치로,대원
24,ETS 토익 정기시험 기출문제집 1000 Vol. 4 LC,ETS,YBM(와이비엠)
25,급류,정대건,민음사
26,같이 읽자는 고백,김소영,이야기장수
27,처음 읽는 그리스 로마 신화 13,최설희,미래엔아이세움
28,듀얼 브레인,이선 몰릭,상상스퀘어
29,쇼펜하우어 인생수업 : 한 번뿐인 삶 이렇게 살아라 (리커버 에디션),쇼펜하우어,하이스트
30,왓츠 유어 드림,사이먼 스큅,북파머스
31,빅 사이클,레이 달리오,한빛비즈
32,고전이 답했다 마땅히 가져야 할 부에 대하여,고명환,라곰
33,엄마의 말 연습,윤지영,카시오페아
34,해커스 토익 기출 VOCA (보카),David Cho,해커스어학연구소
35,마법천자문 67,알에스미디어,아울북
36,스토너,존 윌리엄스,알에이치코리아(RHK)
37,결국 국민이 합니다,이재명,오마이북
38,소설판 사카모토 데이즈 : 킬러들의 블루스,미사키 렌카,대원
39,하루 한 장 나의 어휘력을 위한 필사 노트,유선경,위즈덤하우스
40,스파이 패밀리 Spy Family 15,엔도 타츠야,학산문화사
41,넥서스,유발 하라리,김영사
42,묘식당의 신박한 가정간편식,이용경(유튜버 묘식당),황금부엉이
43,일과 성공의 길을 묻다,마쓰시타 고노스케,지니의서재
44,작별하지 않는다,한강,문학동네
45,멜로우TV 3 : 멜싹오싹 위험한 미션,멜로우 TV,학산문화사(단행본)
46,빛과 실,한강,문학과지성사
47,물질의 세계,에드 콘웨이,인플루엔셜
48,채식주의자,한강,창비
49,저속노화 마인드셋,정희원,웨일북
50,괴수 8호 RELAX 2,마츠모토 나오야,서울미디어코믹스(서울문화사)
51,밤새들의 도시,김주혜,다산책방
52,스위치온 다이어트 레시피북,박용우,루미너스
53,에그박사 15,에그박사,미래엔아이세움
54,흔한남매 19,흔한남매,미래엔아이세움
55,믿을 구석 The Last Resort,김멜라,서울국제도서전
56,역사의 시선,전우용,삼인
57,불멸의 유전자,리처드 도킨스,을유문화사
58,순간을 달리는 할머니 1,펀자이씨(엄유진),문학동네
59,데일 카네기 인간관계론 (50만부 돌파 초판 무삭제 완역본),데일 카네기,현대지성
60,"2025 큰별쌤 최태성의 별별한국사 기출 500제 한국사능력검정시험 심화(1,2,3급)",최태성,이투스북
61,행복한 철학자,우애령,하늘재
62,료의 생각 없는 생각,료,열림원
63,퓨처 셀프 30만 부 기념 스페셜 에디션,벤저민 하디,상상스퀘어
64,설민석의 한국사 대모험 33,설민석,단꿈아이
65,세계 경제 지각 변동,박종훈,글로퍼스
66,맞춤법 천재라면,박정란,슈크림북
67,마음의 기술,안-엘렌 클레르,상상스퀘어
68,순간을 달리는 할머니 2,펀자이씨(엄유진),문학동네
69,긴긴밤,루리,문학동네
70,이기적 유전자 The Selfish Gene,리처드 도킨스,을유문화사
71,너에게 들려주는 단단한 말,김종원,퍼스트펭귄
72,세상을 움직이는 놀라운 화학,표트르 발치트,미디어숲
73,홍학의 자리,정해연,엘릭시르
74,부의 전략 수업,폴 포돌스키,필름
75,이로운 보수 의로운 진보,최강욱,한겨레출판
76,해커스 일본어 첫걸음 : 일본어 기초 20일 독학 완성!,해커스 일본어연구소,해커스어학연구소
77,서랍에 저녁을 넣어 두었다,한강,문학과지성사
78,미지의 서울 대본집 세트,이강,BIRDBOX(버드박스)
79,세이노의 가르침,세이노(SayNo),데이원
80,의사 어벤저스 22,고희정,가나출판사
81,부동산 투자 황금 로드맵,김원철,다산북스
82,경험의 멸종,크리스틴 로젠,어크로스
83,2025 제16회 젊은작가상 수상작품집,백온유,문학동네
84,코스모스,칼 에드워드 세이건,사이언스북스
85,내가 나라서 정말 좋아,김지훤,길벗
86,파과 (리커버),구병모,위즈덤하우스
87,인생을 바꾸는 이메일 쓰기,이슬아,이야기장수
88,질문의 격,유선경,앤의서재
89,메리골드 마음 식물원 (아틀리에 컬렉션),윤정은,북로망스
90,여름 피치 스파클링,차정은,다이브
91,돈의 심리학 (30만 부 기념 스페셜 에디션),모건 하우절,인플루엔셜
92,그릿 GRIT,김주환,인플루엔셜
93,니체 인생수업 : 니체가 세상에 남긴 66가지 인생지혜 (리커버 에디션),프리드리히 니체,하이스트
94,어서 오세요 실력지상주의 교실에 2학년 편 12.5,키누가사 쇼고,소미미디어
95,해커스 토익 RC Reading(리딩) 기본서,David Cho,해커스어학연구소
96,나는 월급쟁이 배당 부자가 되었다,환상감자(이은호),길벗
97,김재우의 기초 영어회화 100,김재우,상상스퀘어
98,사과 세탁소 1 : 못 말리는 첫 직원,박보영,한빛에듀
99,빨간내복야코 국어 3 : 어휘 절대 안 틀리는 책,빨간내복야코,위즈덤하우스
100,"마침내, 안녕",유월,서사원
101,단 3개의 미국 ETF로 은퇴하라,김지훈(포메뽀꼬),리더스북
102,토마토 컵라면,차정은,BOOKK(부크크)
103,200만 원으로 시작하는 부동산 경매투자,곽상빈,동아엠앤비
104,사피엔스,유발 하라리,김영사
105,푸른 상자 18 더블특전판,코우지 미우라,학산문화사
106,5번 레인,은소홀,문학동네
107,괴수 8호 15 트리플특장판,마츠모토 나오야,서울미디어코믹스(서울문화사)
108,우리가 타인을 마주할 때,아돌프 크니게,저녁달
109,과자 사면 과학 드립니다,정윤선,풀빛
110,화가의 사람들,최연욱,온더페이지
111,윤슬의 바다,백은별,바른북스
112,마흔에 읽는 쇼펜하우어,강용수,유노북스
113,원수는 백일장에서 만난다 (친필사인본),이승민,풀빛
114,타키 포오 코믹 어드벤처 8,캐릭온TV,대원씨아이(단행)(대원키즈)
115,만화 나 혼자만 레벨업 14,추공,디앤씨웹툰비즈
116,이처럼 사소한 것들,클레어 키건,다산책방
117,여름을 한 입 베어 물었더니,이꽃님,문학동네
118,인생의 연금술,이하영,웅진지식하우스
119,해커스 토익 LC Listening(리스닝) 기본서,David Cho,해커스어학연구소
120,실패를 성공으로 바꾸는 주식투자의 기술,정재호,프런트페이지
121,코믹 블루록 32 한정판,카네시로 무네유키,학산문화사
122,별에게,안녕달,창비
123,2025 시대에듀 한국실용글쓰기 실제 기출로 끝내기,이원근,시대고시기획 시대교육
124,ETS 토익기출 파트별 VOCA 보카,ETS,YBM(와이비엠)
125,단 한 줄만 내 마음에 새긴다고 해도,나민애,포레스트북스
126,마음에 힘이 되는 하루 한 문장 영어 필사,위혜정,센시오
127,흔한남매 과학 탐험대 14 화학 반응,흔한남매,주니어김영사
128,행동은 불안을 이긴다,롭 다이얼,서삼독
129,토막 난 우주를 안고서,김초엽,허블
130,2025 투자자산운용사 실제유형 모의고사 + 특별부록 PASSCODE Premium ver 10,유창호,시대고시기획 시대교육
131,환율의 대전환,오건영,포레스트북스
132,구의 증명,최진영,은행나무
133,돈의 흐름은 되풀이된다,홍춘욱,포르체
134,돈의 속성 400쇄 리커버,김승호,스노우폭스북스
135,나는 소망한다 내게 금지된 것을,양귀자,쓰다
136,비전공자도 이해할 수 있는 챗GPT,박상길,비즈니스북스
137,블루 록 -Episode 나기- 6,카네시로 무네유키,학산문화사
138,한국형 모멘텀 투자 실전 매매법,이가근,메이트북스
139,초역 부처의 말 필사집,코이케 류노스케,포레스트북스
140,영어로 문장 만들기 훈련 1차 임계점,유은하,사람in
141,뿐이 토핑 이유식,정주희,서사원
142,28시간에 끝내는 토익스피킹 스타트,황인기,시원스쿨닷컴
143,인간 실격,다자이 오사무,민음사
144,"식탁 위의 권력, 미식 경제학",쑤친,이든서재
145,살아갈 날들을 위한 괴테의 시,김종원,퍼스트펭귄
146,월급쟁이 강남 내집 마련하기,기필코강남(조동식),지혜로
147,손실은 짧게 수익은 길게,깡토,이레미디어
148,행복할 거야 이래도 되나 싶을 정도로,일홍,부크럼
149,데미안,헤르만 헤세,민음사
150,총 균 쇠,재레드 다이아몬드,김영사
151,소설 보다 : 여름 2025,김지연,문학과지성사
152,"엔비디아 젠슨 황, 생각하는 기계",스티븐 위트,알에이치코리아(RHK)
153,행동하지 않으면 인생은 바뀌지 않는다,브라이언 트레이시,현대지성
154,슈뻘맨의 숨은 과학 찾기 6,슈뻘맨,미래엔아이세움
155,아이의 어휘력을 위한 66일 필사 노트,김종원,데이스타
156,자유론,존 스튜어트 밀,현대지성
157,알사탕,백희나,스토리보울
158,스파클,최현진,창비
159,설민석의 세계사 대모험 25,설민석,단꿈아이
160,초역 채근담,홍자성,부키
161,나는 가끔 나와 헤어지고 싶다,김진아,도서출판이곳
162,ETS 토익 단기공략 750+ (LC+RC),ETS,YBM(와이비엠)
163,자본주의,EBS 〈자본주의〉제작팀,가나출판사
164,윈드 브레이커 공식 캐릭터북 극비 노트 특장판,니이 사토루,리디
165,싯다르타,헤르만 헤세,민음사
166,2025 이기적 컴퓨터활용능력 2급 필기+실기 올인원,홍태성,영진닷컴
167,"그런 날이 있잖아, 불행을 만났다가 잘 헤어진 날",배서영,캐스팅북스
168,어쩌다 좋은 일이 생길지도,요시타케 신스케,주니어김영사
169,인생의 컨닝페이퍼,박종경,토네이도
170,내게 남은 스물다섯 번의 계절,슈테판 셰퍼,서삼독
171,은행의 배신,심영철,테라코타
172,데일 카네기 자기관리론,데일 카네기,현대지성
173,야간비행,앙투안 드 생텍쥐페리,문학동네
174,적절한 좌절,김경일,저녁달
175,학생회에도 구멍은 있다! 9,무치마로,소미미디어
176,요즘 교사를 위한 AI 수업 활용 가이드 with 2022 개정 교육과정,박진환,한빛미디어
177,고래눈이 내리다,김보영,래빗홀
178,자유론,존 스튜어트 밀,책세상
179,죽이고 싶은 아이,이꽃님,우리학교
180,셀럽병사의 비밀,KBS 셀럽병사의 비밀 제작팀,교보문고
181,붙잡지 않는 삶,에크하르트 톨레,스노우폭스북스
182,[예스리커버] 행복의 기원,서은국,21세기북스
183,불변의 법칙,모건 하우절,서삼독
184,이재명의 나의 소년공 다이어리,이재명,팬덤북스
185,해커스 여행일본어 10분의 기적,해커스 일본어연구소,해커스어학연구소
186,내가 나라서 정말 좋아 필사 에디션,김지훤,길벗
187,똑게육아,로리(김준희),북로스트
188,루리 드래곤 3,신도 마사오키,서울미디어코믹스(서울문화사)
189,지극히 사적인 일본,나리카와 아야,틈새책방
190,최애의 아이 16,아카사카 아카,대원
191,대온실 수리 보고서,김금희,창비
192,우린 아직 인터루드에 있어,엘 캐피탄,비에이블
193,식탐 해방,저드슨 브루어,푸른숲
194,아이가 친구 때문에 울 때,윤지영,서교책방
195,설민석의 삼국지 대모험 22,단꿈아이,단꿈아이
196,그냥 하는 사람,김한균,온포인트
197,길 위의 뇌,정세희,한스미디어
198,1984,조지 오웰,민음사
199,내가 틀릴 수도 있습니다,비욘 나티코 린데블라드,다산초당
200,칼의 노래,김훈,문학동네
201,"다시, 몸으로",김초엽,래빗홀
202,히카루가 죽은 여름 6 특별판,모쿠모쿠렌,디앤씨미디어(D&C미디어)
203,히카루가 죽은 여름 6,모쿠모쿠렌,디앤씨미디어(D&C미디어)
204,어서 오세요 실력지상주의 교실에 1학년 편 공식 가이드북 First File,키누가사 쇼고,소미미디어
205,신광은 형사법 1개년 +a(최신기출) 최신판례 선택형 OX,신광은,느루
206,왜 그들만 부자가 되는가,필립 바구스,북모먼트
207,시한부,백은별,바른북스
208,데일 카네기 내면성장론,데일 카네기,현대지성
209,방구석 미술관 3,조원재,블랙피쉬
210,별의 커비 울트라 슈퍼 푸푸푸 히어로 2,아오키 케이&미카마루,다산어린이
211,찍히지 않습니다 1,코노시마 루카,소미미디어
212,달리기를 말할 때 내가 하고 싶은 이야기,무라카미 하루키,문학사상
213,정재승의 인간 탐구 보고서 17,정재은,아울북
214,읽으면서 바로 써먹는 어린이 초등 교과 어휘,한날,파란정원
215,침묵의 퍼레이드,히가시노 게이고,재인
216,한밤중 하트튠 5,이가라시 마사쿠니,학산문화사
217,건전지 할머니,강인숙,창비
218,제로 투 원 (10주년 기념판),피터 틸,한국경제신문사(한경비피)
219,희랍어 시간,한강,문학동네
220,죽이고 싶은 아이 2,이꽃님,우리학교
221,화장품은 한국이 1등입니다,박종대,경향비피
222,어린 왕자 오리지널 초판본,앙투안 드 생텍쥐페리,코너스톤(도서)
223,해커스 토익 실전 LC+RC 3 (모의고사+해설집),해커스 어학연구소,해커스어학연구소
224,참을 수 없는 존재의 가벼움,밀란 쿤데라,민음사
225,이방인,알베르 까뮈,민음사
226,나츠메 우인장 31,미도리카와 유키,학산문화사
227,만화로 보는 1분 철학 관계수업,서정욱,중앙북스(books)
228,오역하는 말들,황석희,북다
229,친구가 상처 줄 때 똑똑하게 나를 지키는 법,이현아,한빛에듀
230,초등일타과학,이광렬,코리아닷컴(Korea.com)
231,구슬쥬네 공부의 숲,구슬쥬,다산에듀
232,쓸 만한 인간,박정민,상상출판
233,수박 수영장,안녕달,창비
234,3000개 다른그림찾기,,한빛에듀
235,썰레임 꿈의 악마 1 : 꿈을 파는 가게,썰레임,학산문화사(단행본)
236,나는 메트로폴리탄 미술관의 경비원입니다 (20만 부 양장 에디션),패트릭 브링리,웅진지식하우스
237,순례 주택,유은실,비룡소
238,페인트,이희영,창비
239,패배 히로인이 너무 많아! SSS,아마모리 타키비,데이즈엔터
240,카구라바치 5 더블특전판,호카조노 타케루,대원
241,동사×전치사 도감,권은희,길벗이지톡
242,마침내 멸망하는 여름,정,BOOKK(부크크)
243,한 권으로 끝내는 해커스 토익 700+ (LC+RC+VOCA),해커스 어학연구소,해커스어학연구소
244,엄마 도감,권정민,웅진주니어
245,부자 아빠 가난한 아빠 20주년 특별 기념판,로버트 기요사키,민음인
246,갤럭시아스 GALAXIAS 2,하테사카 아오,서울미디어코믹스(서울문화사)
247,임신 출산 육아 대백과 최신개정판,,삼성출판사
248,착! 붙는 일본어 독학 첫걸음,일본어 공부기술연구소,시사일본어사
249,노르웨이의 숲,무라카미 하루키,민음사
250,무적 이순신 6,박지연,아울북
251,저스트 지저스 : 오직 예수,브라이언 박,규장
252,부서지는 아이들,애비게일 슈라이어,웅진지식하우스
253,산 루이스 레이의 다리,손턴 와일더,클레이하우스
254,2025 문동균 한국사 지방직 대비 실전 봉투모의고사,문동균,에스티유니타스
255,독학으로 끝내는 공기업 NCS 통합기본서 (PSAT형+모듈형+피듈형),길잡이연구소,애드투북스
256,어른의 기분 관리법,손힘찬,어센딩
257,백년허리2 치료편,정선근,언탱글링
258,탁월하게 서글픈 자의식,박참새,마음산책
259,한 권으로 끝내는 해커스 토익 800+ (LC+RC+VOCA),해커스 어학연구소,해커스어학연구소
260,2025 해커스경찰 갓대환 형사법 진도별 문제풀이 1000제 2차 시험 대비,김대환,해커스경찰
261,스토아 철학 영어 필사 101,퍼포먼스 코치 제이,넥서스
262,최소한의 한국사,최태성,프런트페이지
263,줬으면 그만이지,김주완,피플파워
264,물고기는 존재하지 않는다,룰루 밀러,곰출판
265,거꾸로 읽는 세계사,유시민,돌베개
266,결핍은 우리를 어떻게 변화시키는가,센딜 멀레이너선,빌리버튼
267,제철 행복,김신지,인플루엔셜
268,라키비움J 10호 : 그림책은 집,전은주,제이포럼
269,천 년 집사 백 년 고양이 2,추정경,래빗홀
270,만화로 보는 3분 철학 세트,김재훈,카시오페아
271,삐뽀삐뽀 119 이유식,하정훈,유니책방
272,꽃을 보듯 너를 본다,나태주,지혜
273,신중년 꿈을 이루다,권미경,커리어컨설팅
274,감정 호텔,리디아 브란코비치,책읽는곰
275,악마에 입문했습니다! 이루마 군 if Episode of 마피아(魔fia) 4 특장판,니시 오사무,서울미디어코믹스(서울문화사)
276,Go Go 카카오프렌즈 36 포르투갈,김미영,아울북
277,쇼펜하우어 인생수업 2 : 한 번뿐인 삶 이렇게 살아라,쇼펜하우어,하이스트
278,장돌이네 떡집,김리리,비룡소
279,이재명에 관하여,김민석,메디치미디어
280,어린이를 위한 철학자의 말,김종원,윌마
281,박태웅의 AI 강의 2025,박태웅,한빛비즈
282,내면소통,김주환,인플루엔셜
283,황현필의 진보를 위한 역사,황현필,역바연
284,2025 이기적 컴퓨터활용능력 1급 필기+실기 올인원,홍태성,영진닷컴
285,샤워젤과 소다수,고선경,문학동네
286,그릿 (50만 부 판매 기념 리커버 골드에디션),앤절라 더크워스,비즈니스북스
287,나는 왜 아무것도 하기 싫을까,배종빈,포레스트북스
288,무의식은 어떻게 나를 설계하는가,데이비드 이글먼,알에이치코리아(RHK)
289,천 개의 파랑,천선란,허블
290,궤도,서맨사 하비,서해문집
291,슈퍼 히어로의 방귀 작전,안영은,주니어김영사
292,불안 세대,조너선 하이트,웅진지식하우스
293,진짜 쓰는 실무 엑셀,전진권,제이펍
294,소년과 두더지와 여우와 말,찰리 맥커시,상상의힘
295,된다! 하루 만에 끝내는 챗GPT 활용법,프롬프트 크리에이터,이지스퍼블리싱
296,조개껍데기를 찾으면,에이미 시쿠로,FIKAJUNIOR(피카주니어)
297,영어가 바로 터지는 기적의 말하기 영단어 1000,이시원,시원스쿨닷컴
298,내가 원하는 것을 나도 모를 때,전승환,북로망스
299,2025 EBS 물류관리사 단기완성,전표훈,신지원
300,마당을 나온 암탉,황선미,사계절
301,긴키 지방의 어느 장소에 대하여,세스지,반타
302,흰,한강,문학동네
303,2025 이지패스 ADsP 데이터분석 준전문가,전용문,위키북스
304,더 나은 어휘를 쓰고 싶은 당신을 위한 필사책,이주윤,빅피시
305,김재우의 영어회화 100,김재우,상상스퀘어
306,아몬드 (청소년판),손원평,다즐링
307,원 모어,유승민,인북
308,이재명 평전,방현석,아시아
309,낭만 강아지 봉봉 8,홍민정,다산어린이
310,고백해도 되는 타이밍,황영미,우리학교
311,어른의 기분 관리법 : 심리학편,손힘찬,어센딩
312,여름,이디스 워튼,민음사
313,원씽 THE ONE THING,게리 켈러,비즈니스북스
314,매듭의 끝,정해연,현대문학
315,함께 가는 길은 외롭지 않습니다 (당선 기념 리커버 에디션),이재명,위즈덤하우스
316,세상의 마지막 기차역,무라세 다케시,모모
317,코미 양은 커뮤증입니다 31,오다 토모히토,소미미디어
318,만화로 읽으면 안 어려운 천문학,이즐라,더숲
319,이중 하나는 거짓말,김애란,문학동네
320,미움받을 용기 (200만 부 기념 스페셜 에디션),기시미 이치로,인플루엔셜
321,"내가 연인이 될 수 있을 리 없잖아, 무리무리! (※무리가 아니었다?!) 7",미카미 테렌,소미미디어
322,코믹 블루록 32,카네시로 무네유키,학산문화사
323,켄 피셔 불변의 차트 90,켄 피셔,한국경제신문
324,일의 감각,조수용,레퍼런스 바이 비(REFERENCE by B)
325,JLPT(일본어능력시험) 한권으로 끝내기 N3,이치우,다락원
326,"책문, 이 시대가 묻는다",김태완,현자의마을
327,오닉스 스톰 1,레베카 야로스,북폴리오
328,비스킷 2,김선미,위즈덤하우스
329,더 퍼스트,유나바머,위즈덤하우스
330,처음 읽는 삼국지 2,이문열,미래엔아이세움
331,블랙북,김하연,슈크림북
332,ETS 토익 단기공략 850+ (LC+RC),ETS,YBM(와이비엠)
333,기울어진 평등,토마 피케티,와이즈베리
334,불안이 사르르 사라지는 그림책,이다랑,길벗
335,바움가트너,폴 오스터,열린책들
336,2025 선재국어 최우선 실전 봉투 모의고사,이선재,수비니겨
337,된다! 조회수 터지는 유튜브 쇼츠 만들기,최지영,이지스퍼블리싱
338,드디어 만나는 경제학 수업,미셸 케이건,현대지성
339,그녀를 지키다,장바티스트 앙드레아,열린책들
340,이게 되네? 챗GPT 미친 활용법 71제,오힘찬,골든래빗
341,전설로 떠나는 월가의 영웅,피터 린치,국일증권경제연구소
342,아주 작은 습관의 힘,제임스 클리어,비즈니스북스
343,월든,헨리 데이비드 소로우,은행나무
344,흔한남매의 흔한 호기심 13,흔한남매,미래엔아이세움
345,"입어주세요, 타카미네 양 9",히이라기 유이치,소미미디어
346,친구 자판기,조경희,노란돼지
347,내가 본 미래,타츠키 료,도토리
348,내가 한 말을 내가 오해하지 않기로 함,문상훈,위너스북
349,처음부터 시작하는 주식투자 단타전략,홍인기,길벗
350,안녕! 내 친구 코야,작은북,블루래빗
351,회색 인간,김동식,요다
352,오만과 편견,제인 오스틴,민음사
353,귀신 저택,미야베 미유키,북스피어
354,고독한 용의자,찬호께이,위즈덤하우스
355,믹스 MIX 23,아다치 미츠루,대원
356,오백 년째 열다섯 4,김혜정,위즈덤하우스
357,부모의 내면이 아이의 세상이 된다,대니얼 J. 시겔,페이지2북스
358,초판본 하늘과 바람과 별과 시,윤동주,더스토리
359,지적 대화를 위한 넓고 얕은 지식 1,채사장,웨일북
360,세계를 건너 너에게 갈게,이꽃님,문학동네
361,타이탄의 도구들 (블랙 에디션),팀 페리스,토네이도
362,하종화 계리직 우편·예금·보험일 파이널 동형 모의고사 5회차,하종화,오스틴북스
363,김전일 37세의 사건부 18,아기 타다시,서울미디어코믹스(서울문화사)
364,2025 신용한 행정학 실전과 가장 유사한 지방직 9급 모의고사,신용한,메가공무원(넥스트스터디)
365,세이노의 가르침 100만 부 기념 특별보급판,세이노(SayNo),데이원
366,너를 미워할 시간에 나를 사랑하기로 했다,윤서진,스몰빅라이프
367,포스 윙,레베카 야로스,북폴리오
368,해커스 일본어 첫걸음 히라가나 가타카나 쓰기노트,해커스 일본어연구소,해커스어학연구소
369,"왜 유명한 거야, 이 그림?",이유리,우리학교
370,해커스 JLPT(일본어능력시험)기출단어장 N5-N3,해커스 JLPT 연구소,해커스어학연구소
371,삐뽀삐뽀 119 소아과,하정훈,유니책방
372,"큰별쌤 최태성의 별별한국사 시대별 기출문제집 한국사능력검정시험 심화(1,2,3급)",최태성,이투스북
373,아이의 뇌,김붕년,포레스트북스
374,2026 SO NICE 백소나 소방관계법규 2,백소나,더나은
375,내면소통 명상수업,김주환,인플루엔셜
376,일본어 무작정 따라하기 완전판,후지이 아사리,길벗이지톡
377,"오늘 밤, 세계에서 이 사랑이 사라진다 해도",이치조 미사키,모모
378,이토록 공부가 재미있어지는 순간,박성혁,다산북스
379,브람스를 좋아하세요...,프랑수아즈 사강,민음사
380,요리를 한다는 것,최강록,클
381,난 예술이야,미사,페이퍼독
382,그냥 나로 살아도 괜찮아,천하이센,더페이지
383,2026 써니 행정법총론 행정법으로의 초대,박준철,제이씨에듀
384,대한민국 마지막 기회가 온다,김태유,서울대학교출판문화원
385,지적 대화를 위한 넓고 얕은 지식 무한,채사장,웨일북
386,[예스리커버] 저속노화 식사법,정희원,테이스트북스
387,불편한 편의점,김호연,나무옆의자
388,눈물을 마시는 새 세트,이영도,황금가지
389,화산귀환 10,비가,러프미디어
390,잠자고 싶은 토끼,칼-요한 포셴 엘린,윌마
391,내 멋대로 빵빵빵빵,김지안,웅진주니어
392,시든 꽃에 눈물을 1~2 세트,개,네이버웹툰유한회사
393,손자병법:세상의 모든 전략과 전술,손무,교보문고
394,시계토끼 기본 토익스피킹,Jenny Cha,시계토끼
395,빨간내복야코 맞춤법 절대 안 틀리는 책 1,빨간내복야코,위즈덤하우스
396,하우스메이드,프리다 맥파든,북플라자
397,푸른 사자 와니니,이현,창비
398,2025 AI 트렌드 100,Ai100연구소,골든래빗
399,리얼 도쿄,양미석,한빛라이프
400,"2025·2026 큰별쌤 최태성의 별별한국사 한국사능력검정시험 기본(4,5,6급)",최태성,이투스북
401,관촌수필,이문구,문학과지성사
402,해커스 보카 Hackers Vocabulary,David Cho,해커스어학연구소
403,흔한남매 이상한 나라의 고전 읽기 7,최재훈,미래엔아이세움
404,예수님의 육성 도마복음,김용옥,통나무
405,게으르게 살지만 부자는 되고 싶어,예프리,모티브
406,원펀맨 ONE PUNCH MAN 32,ONE,대원
407,아홉 살에 시작하는 똑똑한 초등신문 3,신효원,책장속북스
408,2025 해커스 투자자산운용사 한권합격 핵심개념+적중문제,백영,해커스금융
409,우중괴담,미쓰다 신조,북로드
410,사랑의 기술,에리히 프롬,문예출판사
411,체리새우 : 비밀글입니다,황영미,문학동네
412,문병로 교수의 메트릭 스튜디오,문병로,김영사
413,몽실 언니,권정생,창비
414,자연은 계산하지 않는다,로빈 월 키머러,다산북스
415,진짜 하루만에 이해하는 해운·조선 산업,김성훈,티더블유아이지
416,치유의 빛,강화길,은행나무
417,유치원WARS 13,You Chiba,서울미디어코믹스(서울문화사)
418,두선생의 지도로 읽는 세계사 : 동양 편,한영준,21세기북스
419,부글부글 과자 공장,유하은,다산어린이
420,사카모토 홀리데이즈 1,스즈키 유우토,대원
421,흔한남매 세계사 탐험대 3 로마 제국,흔한남매,주니어김영사
422,괴수 8호 RELAX 1,마츠모토 나오야,서울미디어코믹스(서울문화사)
423,두 사람의 인터내셔널,김기태,문학동네
424,아홉 살 마음 사전,박성우,창비
425,죄와 벌 1,표도르 도스토예프스키,민음사
426,굿 에너지,케이시 민스,한국경제신문
427,큰별쌤 최태성의 한국사신문 1 : 선사~통일 신라와 발해,최태성,아이스크림북스
428,타키 포오 네버 다이 과학 어드벤처 1 : 우주로 딥 다이브!,캐릭온TV,대원씨아이(단행)(대원키즈)
429,커서 AI 트렌드&활용백과,서승완,스마트북스
430,해커스 JLPT N3(일본어능력시험) 한권합격,해커스 JLPT 연구소,해커스어학연구소
431,흔한남매 18,흔한남매,미래엔아이세움
432,해독 혁명,닥터 라이블리,웅진지식하우스
433,율의 시선,김민서,창비
434,[예스리커버] 어린 왕자,앙투안 드 생텍쥐페리,열린책들
435,정의란 무엇인가,마이클 샌델,와이즈베리
436,노인과 바다,어네스트 밀러 헤밍웨이,민음사
437,위대한 개츠비,F. 스콧 피츠제럴드,민음사
438,CEO의 다이어리,스티븐 바틀렛,윌북(willbook)
439,2026 시나공 컴퓨터활용능력2급 필기 기본서,길벗알앤디,길벗
440,장미와 나이프,히가시노 게이고,반타
441,To LOVE 투 러브 (트러블) 다크니스 리커버 6,하세미 사키,서울미디어코믹스(서울문화사)
442,소맥거핀의 인체 친구들 4,소맥거핀,위즈덤하우스
443,2026 문동균 한국사 한 권으로 모든 것을 정리하는 판서노트,문동균,에스티유니타스
444,그래서 이런 법이 생겼대요,우리누리,길벗스쿨
445,평생 투자자,무라카미 요시아키,에프엔미디어
446,야구×수학,류선규,페이스메이커
447,주술회전 29 더블특장판,아쿠타미 게게,서울미디어코믹스(서울문화사)
448,마중도 배웅도 없이,박준,창비
449,원피스 ONE PIECE 110,오다 에이이치로,대원
450,[예스리커버] 고전이 답했다 마땅히 살아야 할 삶에 대하여,고명환,라곰
451,빨간내복야코 맞춤법 절대 안 틀리는 책 2,빨간내복야코,위즈덤하우스
452,빨모쌤의 라이브 영어회화 (특별 부록 한정판),신용하,웅진지식하우스
453,ETS 토익 정기시험 기출문제집 1000 Vol.3 LISTENING 리스닝,ETS,YBM(와이비엠)
454,백년허리1 진단편,정선근,언탱글링
455,토요일의 심리클럽,김서윤,창비
456,화산귀환 8,비가,러프미디어
457,더 화이팅 142,모리카와 죠지,학산문화사
458,퇴마록 국내편 1,이우혁,반타
459,설민석의 한국사 대모험 32,설민석,단꿈아이
460,처음 읽는 삼국지 1,이문열,미래엔아이세움
461,식단 혁명,조지아 에데,메디치미디어
462,기분이 태도가 되지 말자,김수현(훈글),하이스트
463,ETS 토익 정기시험 기출문제집 1000 Vol.3 READING 리딩,ETS,YBM(와이비엠)
464,어떻게 말해줘야 할까,오은영,김영사
465,밥을 지어요,김혜경,김영사
466,죄와 벌 2,표도르 도스토예프스키,민음사
467,책과 노니는 집,이영서,문학동네
468,한 권으로 끝내는 해커스 토익 900+ (LC+RC+VOCA),해커스 어학연구소,해커스어학연구소
469,키위엔 영어회화 하루 5분의 기적,박강준,키위엔
470,AI 리터러시 : 인공지능 필수 지식부터 완벽 활용까지,김용성,프리렉
471,부의 추월차선 (10주년 스페셜 에디션),엠제이 드마코,토트출판사
472,마음,나쓰메 소세키,성림원북스
473,2026 이유진 국어 독해 알고리즘 코어,이유진,에스티유니타스
474,그물에 걸린 무지개 물고기,마르쿠스 피스터,시공주니어
475,여름을 부탁해,토마쓰리,길벗어린이
476,클래식 왜 안 좋아하세요?,권태영(탱로그),빅피시
477,2025 시나공 컴퓨터활용능력1급 필기 기출문제집,길벗알앤디,길벗
478,비전공자도 이해할 수 있는 AI 지식,박상길,비즈니스북스
479,이동 평균선 투자법,고지로 강사,이레미디어
480,웬만해선 아무렇지 않다,이기호,마음산책
481,화산귀환 9,비가,러프미디어
482,너를 너무너무너무너무 좋아하는 100명의 그녀 18,나카무라 리키토,학산문화사
483,2025 해커스 LH 한국토지주택공사 NCS+전공 봉투모의고사,해커스 NCS 취업교육연구소,해커스잡
484,REAL 리얼 16,이노우에 다케히코,대원
485,부모의 어휘력을 위한 66일 필사 노트,김종원,카시오페아
486,부모의 말 수업,힐랄 비릿,피카(FIKA)
487,가속화 장기투자 법칙,임인홍(오일전문가),길벗
488,어느 날 문이 사라졌다,김은영,문학동네
489,영어로 문장 만들기 훈련 2차 임계점,유은하,사람in
490,히든 픽처스,제이슨 르쿨락,문학수첩
491,어디 있을까? 숨은그림찾기 1000,레이크 프레스,길벗스쿨
492,브로콜리지만 사랑받고 싶어,별다름,키다리
493,슈퍼 히어로의 똥 닦는 법,안영은,책읽는곰
494,이세계 유유자적 농가 13,나이토 키노스케,데이즈엔터
495,코믹 고블린 슬레이어 외전 : 이어 원 12,카규 쿠모,디앤씨미디어(D&C미디어)
496,‘왜?’라고 묻는 아이들,오현선,한경키즈(한국경제신문)
497,완벽한 종목 추천,폴 존슨,에프엔미디어
498,공간 인간,유현준,을유문화사
499,부모의 질문력,김종원,다산북스
500,찌그러져도 동그라미입니다,김창완,웅진지식하우스
501,중등 필독 신문,이현옥,체인지업
502,마법의 연금 굴리기,김성일,에이지21
503,맡겨진 소녀,클레어 키건,다산책방
504,언젠가 우리가 같은 별을 바라본다면,차인표,해결책
505,빅터 프랭클의 죽음의 수용소에서,빅터 프랭클,청아출판사
506,동물농장,조지 오웰,민음사
507,쓰는 인간,롤런드 앨런,상상스퀘어
508,트럼프 시대의 지정학과 비트코인,오태민,거인의정원
509,생각에 관한 생각,대니얼 카너먼,김영사
510,이재명 시대 경제 대예측,매일경제 경제부,매일경제신문사
511,채사장의 지대넓얕 13 : 철학의 두 갈래,채사장,돌핀북
512,비트코인의 시대,김창익,다산북스
513,초등 필수 고전 인문학 수업,임성훈,피카(FIKA)
514,"다시, 공부머리 독서법",최승필,책구루
515,이호선의 나이 들수록 : 관계편,이호선,은행나무
516,AI 2025 트렌드&활용백과,김덕진,스마트북스
517,나는 오래된 거리처럼 너를 사랑하고,진은영,문학과지성사
518,불편한 편의점 2,김호연,나무옆의자
519,지적 대화를 위한 넓고 얕은 지식 2,채사장,웨일북
520,방구석 미술관,조원재,블랙피쉬
521,바깥은 여름,김애란,문학동네
522,사나운 독립,최지현,무제
523,허영만의 주식 타짜 ― 슈퍼개미 이세무사,허영만,가디언
524,비실비실 선생님 6,후쿠치 카미오,대원
525,길고양이와 늑대 5 더블특전판,미츠바치 미유키,학산문화사
526,아홉 살 환경 사전,박성우,창비
527,변호사 어벤저스 6,고희정,가나출판사
528,대통령 윤석열 탄핵 사건 선고 결정문,헌법재판소,더휴먼
529,"네 꿈을 응원해, 권투 장갑!",유설화,책읽는곰
530,조혜련의 잘 보이는 성경이야기,조혜련,오제이엔터스컴
531,[예스리커버] 부모의 어휘력 벚꽃 에디션,김종원,카시오페아
532,여행의 이유,김영하,복복서가
533,메스를 든 사냥꾼,최이도,해피북스투유
534,비스킷,김선미,위즈덤하우스
535,두고 온 여름,성해나,창비
536,당신의 세계는 아직도 바다와  빗소리와 작약을 취급하는지,김경미,민음사
537,하루 한장 초등 영어 파닉스+발음기호,이문필,키즈프렌즈
538,너도 하늘말나리야,이금이,밤티
539,빅터 프랭클의 죽음의 수용소에서,빅터 프랭클,청아출판사
540,시장과 가격 쫌 아는 10대,석혜원,풀빛
541,핑크펭귄,빌 비숍,스노우폭스북스
542,고백,미나토 가나에,비채
543,자기 앞의 생,로맹 가리,문학동네
544,수면의 뇌과학,크리스 윈터,현대지성
545,누구도 대신 살아 주지 않는다,브라이언 트레이시,오픈도어북스
546,[예스리커버] 내 몸 혁명,박용우,루미너스
547,이병한의 아메리카 탐문,이병한,서해문집
548,내 감정의 속사정,미즈시마 히로코,생각의날개
549,남자를 싫어하는 미인 자매를 이름도 알리지 않고 구해주면 어떻게 될까? 6,묭,소미미디어
550,5無 교회가 온다,황인권,ikp
551,타키 포오 얼렁뚱땅 상식스쿨 6,캐릭온TV,대원씨아이(단행)(대원키즈)
552,하우스메이드 2,프리다 맥파든,북플라자
553,교사를 위한 챗GPT 업무활용 99제,최서연,테크빌교육
554,이어령의 말,이어령,세계사
555,2025 위포트 공기업 NCS 통합기본서 (PSAT형+모듈형+피듈형+실전 모의고사),위포트 연구소,위포트
556,해피버쓰데이,백희나,스토리보울
557,빅 트레이더의 주도주 매매법,서희파더(이재상),이레미디어
558,"세상을 보는 눈, 뉴스툰 1 동아시아",뉴스툰,펜타클
559,경제신문이 말하지 않는 경제 이야기,임주영,민들레북
560,잘했고 잘하고 있고 잘 될 것이다 (50만 부 기념 전면 개정판),정영욱,부크럼
561,프로젝트 헤일메리,앤디 위어,알에이치코리아(RHK)
562,패권의 비밀,김태유,서울대학교출판문화원
563,Do it! LLM을 활용한 AI 에이전트 개발 입문,이성용,이지스퍼블리싱
564,내 마음 ㅅㅅㅎ,김지영,사계절
565,2025 시나공 컴퓨터활용능력 2급 필기 기출문제집,길벗알앤디,길벗
566,한석준의 대화의 기술,한석준,인플루엔셜
567,똑게육아 올인원,로리(김준희),북로스트
568,야무진 고양이는 오늘도 우울 10,야마다 히츠지,소미미디어
569,예수 동행 오직 믿음,유기성,규장
570,메뉴판 해석학: 일본편,배상준,애플북스
571,2025 해커스 외환전문역 1종 최종핵심정리문제집,민영기,해커스금융
572,진짜의 마인드,김찬희(김진짜),터닝페이지
573,2025 에듀윌 공인중개사 1차 기출응용 예상문제집 민법 및 민사특별법,심정욱,에듀윌
574,ETS 토익 단기공략 950+ (LC+RC),ETS,YBM(와이비엠)
575,기억 전달자,로이스 라우리,비룡소
576,용선생 교과서 세계사 2,사회평론 역사연구소,사회평론
577,말하고 싶은 비밀,사쿠라 이이요,모모
578,좋은 일이 오려고 그러나 보다 (리커버판),박여름,히읏
579,위기의 역사,오건영,페이지2북스
580,사피엔스 : 그래픽 히스토리 Vol.1,유발 하라리,김영사
581,"나태주, 시간의 쉼표",나태주,서울문화사
582,해커스 토익 스타트 RC Reading (리딩),David Cho,해커스어학연구소
583,회복탄력성,김주환,위즈덤하우스
584,어떻게 민주주의는 무너지는가,스티븐 레비츠키,어크로스
585,어른의 느슨함,와다 히데키,윌마
586,2025 시대에듀 두산그룹 DCAT 온라인 종합적성검사 최신기출유형+모의고사 4회+무료두산특강,SDC,시대고시기획 시대교육
587,"남녀의 우정은 성립할까? (아니, 하지 않아!!) 1",나나나 나나,소미미디어
588,입시를 책임지는 초3 수학 캠프,류승재,21세기북스
589,후 Who? special 이재명,비타민,다산어린이
590,2026 심승아 Simple‧Detail 심테일 소방관계법규 2,심승아,메가공무원(넥스트스터디)
591,루리 드래곤 2,신도 마사오키,서울미디어코믹스(서울문화사)
592,멜로우TV 1 : 멜랑뚱땅 타워 탈출기,멜로우 TV,학산문화사(단행본)
593,김재우의 구동사 100,김재우,상상스퀘어
594,찬란한 멸종,이정모,다산북스
595,백년목2 치료편,정선근,언탱글링
596,사피엔스 : 그래픽 히스토리 Vol.3 역사의 배후,유발 하라리,김영사
597,이 지랄맞음이 쌓여 축제가 되겠지,조승리,달
598,Do it! 점프 투 파이썬,박응용,이지스퍼블리싱
599,물어보기 부끄러워 묻지 못한 부동산 상식,이찬종,새로운제안
600,밝은 밤,최은영,문학동네
601,해커스톡 여행영어 10분의 기적,해커스 어학연구소,해커스어학연구소
602,달러는 왜 비트코인을 싫어하는가,사이페딘 아모스,터닝포인트
603,나는 3학년 2반 7번 애벌레,김원아,창비
604,나의 라임 오렌지나무,J.M. 바스콘셀로스,동녘
605,여름어 사전,아침달 편집부와 친구들,아침달
606,영어회화 핵심패턴 233,백선엽,길벗이지톡
607,스토너 초판본,존 윌리엄스,알에이치코리아(RHK)
608,영원의 여름,운,BOOKK(부크크)
609,현명한 투자자 1,벤저민 그레이엄,국일증권경제연구소
610,수능을 좌우하는 중학 국어 공부법,김민정,노르웨이숲
611,80대20 러닝 훈련법,맷 피츠제럴드,빌리버튼
612,빨간내복야코 어린이 상식 2 사자성어,빨간내복야코,아울북
613,2025 써니 행정법총론 실전동형 모의고사,박준철,에스티유니타스
614,배당성장주 투자 불변의 법칙,현영준(한라산불곰),체인지업
615,2025 단기 합격 해커스공기업 NCS 통합 기본서(필수과목+전략과목+모의고사 5회분),윤종혁,해커스공기업
616,흔한남매 과학 탐험대 13 생식과 유전,흔한남매,주니어김영사
617,파리대왕,윌리엄 골딩,문예출판사
618,시간 유전자,김혜정,라임
619,2025 에듀윌 고졸 검정고시 핵심총정리,김지상,에듀윌
620,2025 이기적 컴퓨터활용능력 2급 필기 기본서,홍태성,영진닷컴
621,[예스리커버] 나를 소모하지 않는 현명한 태도에 관하여,마티아스 뇔케,퍼스트펭귄
622,어른의 어휘력,유선경,앤의서재
623,당연하게도 나는 너를,이꽃님,우리학교
624,주식투자 무작정 따라하기,윤재수,길벗
625,세상을 따뜻하게 만드는 착한 디자인 이야기,정유리,팜파스
626,원칙 PRINCIPLES,레이 달리오,한빛비즈
627,바다 100층짜리 집,이와이 도시오,북뱅크
628,같이 밥 먹고 싶은 아저씨 되는 법,김태균,몽스북
629,2026 시나공 컴퓨터활용능력1급 필기 기본서,길벗알앤디,길벗
630,달샤베트,백희나,스토리보울
631,부덕의 길드 14,카와조에 타이치,학산문화사
632,Re : 제로부터 시작하는 이세계 생활 38,나가츠키 탓페이,데이즈엔터
633,신기한 맛 도깨비 식당 9,김용세,꿈터
634,2025 심우철 실전 동형 모의고사 Season 4,심우철,심슨북스
635,혼자의 시간으로 더 깊어지는 법에 관하여,레누카 가브라니,퍼스트펭귄
636,삶이 당신을 사랑한다는 걸 잊지 마세요,달리아 이정현,생각의힘
637,빨간내복야코 안 읽으면 완전 위험한 과학책 2,빨간내복야코,위즈덤하우스
638,2025 시나공 정보처리기능사 필기 기본서,길벗알앤디,길벗
639,빨간내복야코 안 읽으면 완전 위험한 과학책 1,빨간내복야코,위즈덤하우스
640,용선생 교과서 세계사 1,사회평론 역사연구소,사회평론
641,대화의 정석,정흥수(흥버튼),피카(FIKA)
642,10일 만에 끝내는 해커스 OPIc 오픽 Advanced 공략,해커스 오픽연구소,(주)해커스
643,JLPT(일본어능력시험) 한권으로 끝내기 N5,이치우,다락원
644,사피엔스 : 그래픽 히스토리 Vol.2,유발 하라리,김영사
645,할머니의 용궁 여행,권민조,천개의바람
646,지방 대사 켜는 스위치온 다이어트,박용우,루미너스
647,숨결이 바람 될 때,폴 칼라니티,흐름출판
648,당신의 이름을 지어다가 며칠은 먹었다,박준,문학동네
649,호밀밭의 파수꾼,제롬 데이비드 샐린저,민음사
650,세계사를 바꾼 와인 이야기,나이토 히로후미,사람과나무사이
651,의젓한 사람들,김지수,양양하다
652,어린이는 멀리 간다,김지은,창비
653,왜 나는 너를 사랑하는가,알랭 드 보통,청미래
654,선재국어 독해야 산다 1일 1독,이선재,수비니겨
655,리더의 길을 묻다,마쓰시타 고노스케,지니의서재
656,얼굴만으론 좋아할 수 없어요 13,안자이 카린,서울미디어코믹스(서울문화사)
657,광물 전쟁,어니스트 샤이더,위즈덤하우스
658,오가미 츠미키와 기일상 2 트리플 특전판,모리시타 미유,학산문화사
659,더 코워커,프리다 맥파든,해피북스투유
660,알트코인으로 졸업합니다,김동환,국일증권경제연구소
661,별별 직업 상담소,요시타케 신스케,주니어김영사
662,꼭 그런 건 아니야,매튜 매커너히,서삼독
663,나는 AI와 공부한다,살만 칸,알에이치코리아(RHK)
664,악마와 함께 춤을,크리스타 K. 토마슨,흐름출판
665,2025 지텔프 공식 기출문제집,시원스쿨어학연구소,시원스쿨닷컴
666,비폭력대화,마셜 로젠버그,한국NVC센터
667,왜 당신은 다른 사람을 위해 살고 있는가,고윤,딥앤와이드
668,아버지의 해방일지,정지아,창비
669,오백 년째 열다섯,김혜정,위즈덤하우스
670,군주론,니콜로 마키아벨리,현대지성
671,부자의 그릇 (블랙 에디션),이즈미 마사토,다산북스
672,용의자 X의 헌신,히가시노 게이고,재인
673,프린들 주세요,앤드루 클레먼츠,사계절
674,어서 오세요! ㄱㄴㄷ 뷔페,최경식,위즈덤하우스
675,법의학자 유성호의 유언 노트,유성호,21세기북스
676,2025 오직 간호대생을 위한 간호사 면접,주선희,홍지문
677,사는 동안 틈틈이 행복합시다,박근호,히읏
678,웬만해선 죽을 수 없는 최고령 사교 클럽,클레어 풀리,책깃
679,이재명의 굽은 팔,이재명,김영사
680,2026 해커스공무원 신민숙 쉬운국어 한 권으로 끝,신민숙,해커스공무원
681,마흔에 읽는 비트겐슈타인,임재성,유노북스
682,백앤아 9,백앤아,샌드박스스토리 키즈
683,교사를 지키는 단단한 학급경영,이종혁,테크빌교육
684,미국 주식이 답이다 2026,장우석,페이지2북스
685,2025 에듀윌 공인중개사 1차 단원별 기출문제집 민법 및 민사특별법,심정욱,에듀윌
686,더 좋은 문장을 쓰고 싶은 당신을 위한 필사책,이주윤,빅피시
687,모모 MOMO,미하엘 엔데,비룡소
688,느리게 나이 드는 습관,정희원,한빛라이프
689,생각이 너무 많은 어른들을 위한 심리학,김혜남,메이븐
690,[예스리커버] NEW 미꽃체 손글씨 노트,최현미,시원북스
691,초역 니체의 말,프리드리히 니체,삼호미디어
692,"오늘 밤, 세계에서 이 눈물이 사라진다 해도",이치조 미사키,모모
693,세상에서 가장 쉬운 하고 싶은 일 찾는 법,야기 짐페이,소미미디어
694,몬스터 차일드,이재문,사계절
695,가재가 노래하는 곳,델리아 오언스,살림출판사
696,차라투스트라는 이렇게 말했다,프리드리히 니체,민음사
697,기획자로 산다는 것,카카,길벗
698,너를 아끼며 살아라,나태주,더블북
699,어제보다 조금 더 깊이 걸었습니다,김용규,디플롯
700,나태주의 풀꽃 인생수업,나태주,니들북
701,동공이 약사의 알찬 약국,동공이 약사,미래의창
702,할머니의 여름휴가,안녕달,창비
703,파인만의 여섯가지 물리 이야기,리처드 필립 파인만,승산
704,평범한 경음부 4,Kuwahali,서울미디어코믹스(서울문화사)
705,나는 0원으로 강남 건물주보다 월세 많이 받는 온라인 건물주로 산다,알파남(김지수),타이탄북스
706,TV 애니메이션 SPY×FAMILY 공식 가이드북 MISSION REPORT : 221001-1224,엔도 타츠야,학산문화사
707,전지적 원어민 시점 보이는 영문법,주지후,드림스쿨
708,운의 메커니즘,서태양,아우름
709,버럭 할머니와 달평 씨,신민재,책읽는곰
710,최애의 아이 16 특별판,아카사카 아카,대원
711,2026 신경향 이동기 공무원 VOCA,(주)이앤미래(이동기),지금(도서출판)
712,2025 에듀윌 공인중개사 1차 기출응용 예상문제집 부동산학개론,이영방,에듀윌
713,딱 맞는 돌을 찾으면,메리 린 레이,FIKAJUNIOR(피카주니어)
714,리와인드 베이커리,범유진,슈크림북
715,서울대 공대 아빠의 수학 비밀 노트,이창준,비타북스(VITABOOKS)
716,퇴마록 국내편 2,이우혁,반타
717,프란시스코의 나비,프란시스코 히메네스,다른
718,타운하우스,전지영,창비
719,큰별쌤과 재미있게 공부하는 초등 한국사능력검정시험,최태성,이투스북
720,몰입 확장판,황농문,알에이치코리아(RHK)
721,아가미 (리커버),구병모,위즈덤하우스
722,게으른 자를 위한 수상한 화학책,이광렬,블랙피쉬
723,해커스 일본어 상용한자 2136,해커스 일본어연구소,해커스어학연구소
724,스테이블코인,박예신,더난출판사
725,루리 드래곤 1,신도 마사오키,서울미디어코믹스(서울문화사)
726,레버리지,롭 무어,다산북스
727,이은경쌤의 초등어휘일력 365,이은경,포레스트북스
728,새의 선물,은희경,문학동네
729,왜 일하는가,이나모리 가즈오,다산북스
730,생각하라 그리고 부자가 되어라,나폴레온 힐,반니
731,컬러 몬스터,아나 예나스,청어람아이(청어람미디어)
732,레이건 일레븐,폴 켄고르,열아홉
733,"엄마, 나는 자라고 있어요",헤티 판 더 레이트,북폴리오
734,해커스 토익 스타트 LC Listening (리스닝),David Cho,해커스어학연구소
735,지적 대화를 위한 넓고 얕은 지식 제로,채사장,웨일북
736,명상록,마르쿠스 아우렐리우스,현대지성
737,생각의 비밀,김승호,황금사자
738,기꺼이 소란하고 다정하기로 해,조수연,코리아닷컴(Korea.com)
739,"결국, 마음에 닿는 건 예쁜 말이다",윤설,페이지2북스
740,친구의 전설,이지은,웅진주니어
741,파쇄,구병모,위즈덤하우스
742,달과 6펜스,윌리엄 서머싯 몸,민음사
743,이세계 삼촌 12,호톤도신데이루,데이즈엔터
744,너랑 나랑 바람을 핥으면,김여진,FIKAJUNIOR(피카주니어)
745,매일 1장 초등 국어 쓰기 습관의 기적 받아쓰기 1 : 초등 1학년,정서진,시원스쿨닷컴
746,10대를 위한 비트코인과 화폐의 역사,김지훈,체인지업
747,단다단 17,타츠 유키노부,대원
748,경찰 헌법도약 기출문제집,이국령,윌비스
749,"삶의 실력, 장자",최진석,위즈덤하우스
750,시계탕,권정민,웅진주니어
751,불꽃 수영 대회,신현경,북스그라운드
752,비눗방울 퐁,이유리,민음사
753,고양이 해결사 깜냥 7,홍민정,창비
754,즐거운 어른 (스페셜 양장본),이옥선,이야기장수
755,푸른 사자 와니니 7,이현,창비
756,ETS 토익 정기시험 실전 1000 Vol. 1 LC(리스닝),ETS,YBM(와이비엠)
757,도둑맞은 집중력,요한 하리,어크로스
758,나의 돈 많은 고등학교 친구,송희구,서삼독
759,해커스 토익 실전 1000제 1 RC Reading (리딩) 문제집,해커스 어학연구소,해커스어학연구소
760,어린이희곡 노잣돈 갚기 프로젝트,김진희,문학동네
761,영어회화 100일의 기적 (출간 10주년 기념 특별판),문성현,넥서스
762,해커스 토익 실전 1000제 3 RC Reading (리딩) 문제집,해커스 어학연구소,해커스어학연구소
763,넛지: 파이널 에디션,리처드 탈러,리더스북
764,노희영의 브랜딩 법칙,노희영,21세기북스
765,일본어 잘하고 싶을 땐 다락원 독학 첫걸음,정의상,다락원
766,재미있다! 한국사 4,구완회,창비
767,해리엇,한윤섭,문학동네
768,100층짜리 집,이와이 도시오,북뱅크
769,카타리나 블룸의 잃어버린 명예,하인리히 뵐,민음사
770,이 카피 누가 쓴 거예요?,이태호,알에이치코리아(RHK)
771,일억 번째 여름,청예,창비
772,살롱 드 경성 2,김인혜,해냄
773,팥빙수의 전설,이지은,웅진주니어
774,슈독,필 나이트,사회평론
775,"코믹 남녀의 우정은 성립할까? (아니, 하지 않아!!) 1",나나나 나나,소미미디어
776,현자의 제자를 자칭하는 현자 21,류센 히로츠구,소미미디어
777,감량 혁명,김희준,메가스터디북스
778,현직 교사가 만든 업무자동화를 원하는 교사를 위한 찐 실전 챗GPT 생성형 AI 수업 업무 대혁명 - 1시간 걸리는 일을 단 10분안에 끝내기,손지선,광문각출판미디어
779,생각의 도약,도야마 시게히코,페이지2북스
780,에그박사 14,에그박사,미래엔아이세움
781,월 50만 원으로 8억 만드는 배당머신,평온,이나우스북스
782,2025 에듀윌 고졸 검정고시 5개년 기출문제집,김지상,에듀윌
783,말투만 바꿨을 뿐인데,김민성,프로파일러 북스
784,스쳐지나갈 것들로 인생을 채우지 마라,고은미,한밤의책
785,장수탕 선녀님,백희나,스토리보울
786,오십에 읽는 주역,강기진,유노북스
787,"돈, 뜨겁게 사랑하고 차갑게 다루어라",앙드레 코스톨라니,미래의창
788,최민준의 아들코칭 백과,최민준,위즈덤하우스
789,건전지 엄마,강인숙,창비
790,일본어 문법 무작정 따라하기,후지이 아사리,길벗이지톡
791,공정하다는 착각,마이클 샌델,와이즈베리
792,담을 넘은 아이,김정민,비룡소
793,하루 5분 아침 일기,인텔리전트 체인지,심야책방
794,시지프 신화,알베르 까뮈,민음사
795,삶으로 다시 떠오르기,에크하르트 톨레,연금술사
796,고래,천명관,문학동네
797,수레바퀴 아래서,헤르만 헤세,민음사
798,아이들의 집,정보라,열림원
799,딸기를 먹을 때는 울지 않기로 해,류라이,자크드앙
800,서아쌤의 토익 비밀과외 START,최서아,시원스쿨닷컴
801,도시문헌학자 김시덕의 강남,김시덕,인플루엔셜
802,사과는 이렇게 하는 거야,데이비드 라로셀,블루밍제이
803,100 인생 그림책,하이케 팔러,사계절
804,라이라이라이 3 더블특장판,요시아키,대원
805,스파이 패밀리 노벨라이즈 2,와다 히토미,학산문화사
806,탁주쪼꼬 과학 레벨 업 2,탁주쪼꼬,주니어김영사
807,여친을 빼앗은 꽃미남 미소녀가 어째선지 나까지 노리고 있다 2,후쿠다 슈토,소미미디어
808,검을 든 꽃 1~4 세트,은소로,연담
809,문해력 격차,김지원,어크로스
810,드래곤 퀘스트 다이의 대모험 -용사 아방과 옥염의 마왕- 9,산조 리쿠,대원
811,봄의 폭풍과 몬스터 6,미츠바치 미유키,학산문화사
812,백만장자 알고리즘,앤 마리 사바스,레디투다이브
813,나를 아프게 한 말들이 모두 진실은 아니었다,마르쿠스 아우렐리우스,모티브
814,2026 SO NICE 백소나 소방학개론,백소나,더나은
815,케첩 스파게티,라이너 하흐펠트,서교책방
816,나태한 완벽주의자,피터 홀린스,넥서스BIZ
817,이재명의 길,박시백,비아북
818,나답게 살고 싶어서 뇌과학을 읽습니다,이케가야 유지,포레스트북스
819,퇴마록 소장판 전권 세트,이우혁,반타
820,2025 에듀윌 공인중개사 1차 단원별 기출문제집 부동산학개론,이영방,에듀윌
821,나의 두 번째 교과서 X 이진우의 다시 만난 경제,이진우,페이지2북스
822,혼자서도 잘하는 첫  한글 쓰기 1,길벗놀이학습연구소,길벗스쿨
823,불량한 자전거 여행,김남중,창비
824,만성질환 자연치료 식이요법 갭스 (GAPS diet),나타샤 캠벨,겸엑스
825,해리 포터와 마법사의 돌 1,J.K. 롤링,문학수첩
826,2025 에듀윌 위험물산업기사 필기 2주끝장 [이론편+기출문제편],최창률,에듀윌
827,2025 에듀윌 전기 전기기능사 필기 한권끝장 (핵심이론+8개년 기출),유치형,에듀윌
828,철학의 쓸모,로랑스 드빌레르,피카(FIKA)
829,나는 왜 남들보다 쉽게 지칠까,최재훈,서스테인
830,해커스 하루 딱! 10분 일본어 일상 단어 (단어장),해커스 일본어연구소,해커스어학연구소
831,ETS 토익 정기시험 실전 1000 Vol. 1 RC(리딩),ETS,YBM(와이비엠)
832,여덟 단어,박웅현,인티N
833,네 기분은 어떤 색깔이니?,최숙희,책읽는곰
834,부의 인문학 (20만부 기념 개정증보판),브라운스톤(우석),오픈마인드
835,"어서 오세요, 휴남동 서점입니다",황보름,클레이하우스
836,ETS 토익 정기시험 기출입문서 RC 리딩,ETS,YBM(와이비엠)
837,해커스 일본어 JLPT N5 (일본어능력시험) 한 권으로 합격,해커스 JLPT 연구소,해커스어학연구소
838,오늘은 아무래도 덮밥,이마이 료,참돌
839,"칵테일, 러브, 좀비",조예은,안전가옥
840,지금 이대로 좋다,법륜,정토출판
841,해가 지는 곳으로,최진영,민음사
842,수급단타왕 수급매매 절대비기,고명환,메가스터디북스
843,면도날,윌리엄 서머싯 몸,민음사
844,손도끼,게리 폴슨,사계절
845,지뢰 글리코,아오사키 유고,리드비(READbie)
846,지리의 힘 3,팀 마샬,사이
847,감정 서커스,리디아 브란코비치,책읽는곰
848,인간 본성의 법칙,로버트 그린,위즈덤하우스
849,Holoearth Chronicle Side : E 야마토 가상괴이담 1~2 합본판,커버 주식회사,디앤씨미디어(D&C미디어)
850,록은 숙녀의 소양이기에 6,후쿠다 히로시,대원
851,비밀 THE TOP SECRET season0 (12),시미즈 레이코,서울미디어코믹스(서울문화사)
852,밤폭풍에 웃는다 3,츠츠이 이츠키,AK(에이케이 커뮤니케이션즈)
853,SM 백합 XX 앤솔로지,시이츠키 쿠로,조은세상
854,신세기 에반게리온 애장판 7,사다모토 요시유키,대원
855,S 수학도둑 1 : 미스터리한 소년의 등장,송도수,서울문화사
856,역사의 쓸모 (특별 합본판),최태성,프런트페이지
857,AI로 7일 만에 사업 시작하기,김다솔,길벗
858,핸즈온 LLM,제이 알아마르,한빛미디어
859,가끔씩 툭하고 러시아어로 부끄러워하는 옆자리의 아랴 양 9,SUN SUN SUN,디앤씨미디어(D&C미디어)
860,2025 주택과 세금,국세청 부동산납세과,동원피엔지
861,카구라바치 4 더블특전판,호카조노 타케루,대원
862,만화로 배우는 영어 구동사,김도균,시대에듀
863,타인에게 기대하지 않는 삶을 위한 안내서,외르크 베르나르디,필름
864,천근아의 느린 아이 부모 수업,천근아,웅진지식하우스
865,2025 강해준 경찰학 NEW 필기노트,강해준,새시대
866,해외선물 처음공부,김직선,이레미디어
867,4×4의 세계,조우리,창비
868,아이의 행동이 저절로 바뀌는 훈육의 정석,김보경,빅피시
869,리얼 이탈리아,양미석,한빛라이프
870,흔한남매 과학 탐험대 12 공룡과 화석,흔한남매,주니어김영사
871,해리 포터와 마법사의 돌 2,J.K. 롤링,문학수첩
872,빨간내복야코 어린이 상식 1 속담,빨간내복야코,아울북
873,만화 나 혼자만 레벨업 13,추공,디앤씨웹툰비즈
874,아이에게 들려주는 부모의 예쁜 말 필사노트,김종원,상상아카데미
875,백년목1 진단편,정선근,언탱글링
876,당신은 결국 무엇이든 해내는 사람,김상현,필름
877,ETS 토익 정기시험 기출입문서 LC 리스닝,ETS,YBM(와이비엠)
878,다정한 것이 살아남는다,브라이언 헤어,디플롯
879,[예스리커버] 프레임,최인철,21세기북스
880,데일 카네기 인간관계론 + 자기관리론 + 성공대화론 (합본),데일 카네기,더스토리
881,읽으면서 바로 써먹는 어린이 속담,한날,파란정원
882,바르톨로메는 개가 아니다,라헐 판 코에이,사계절
883,종의 기원,정유정,은행나무
884,재미있다! 한국사 5,구완회,창비
885,사자왕 형제의 모험 (리커버 한정판),아스트리드 린드그렌,창비
886,지금 알고 있는 걸 그때도 알았더라면,류시화,열림원
887,10대를 위한 JUSTICE 정의란 무엇인가,마이클 샌델,미래엔아이세움
888,누구를 구할 것인가?,토머스 캐스카트,문학동네
889,국가는 왜 실패하는가,대런 아세모글루,시공사
890,거꾸로 읽는 교회사,최종원,복있는사람
891,어떻게 극단적 소수가 다수를 지배하는가,스티븐 레비츠키,어크로스
892,죠죠리온 22~24 합본 세트,아라키 히로히코,문학동네
893,에반게리온 ANIMA 1,야마시타 이쿠토,대원
894,북두의 권 신장판 10,부론슨,학산문화사
895,학종 시대 서울대 가는 공부 로드맵,진동섭,포르체
896,팔견전 21,아베 미유키,소미미디어
897,2025 재경관리사 기출문제집,삼일회계법인,삼일인포마인
898,소맥거핀 특사전 1,소맥거핀,샌드박스스토리 키즈
899,사카모토 홀리데이즈 1 특별판,스즈키 유우토,대원
900,2025 에듀윌 TESAT 회차별 기출문제집+무료특강,조시현,에듀윌
901,회복탄력성의 뇌과학,아디티 네루카,현대지성
902,천 번을 부서져도 그대는 여전히 바다다,정상교,스몰빅라이프
903,건강지속력,조셉킴,보리
904,히카루가 죽은 여름 5,모쿠모쿠렌,디앤씨미디어(D&C미디어)
905,2025 수제비 정보처리기사 실기 기본서,윤영빈,수제비
906,심장보다 단단한 토마토 한 알,고선경,열림원
907,경제기사 궁금증 300문 300답,곽해선,혜다
908,나는 미국 월배당 ETF로 40대에 은퇴한다,최영민,지음미디어
909,부의 역설,강범구,국일미디어
910,처음 읽는 그리스 로마 신화 12,최설희,미래엔아이세움
911,홀썸의 집밥 예찬,홀썸모먼트,다산라이프
912,날씨가 좋으면 찾아가겠어요,이도우,수박설탕
913,"암호명, 래빗",김미숙,현암주니어
914,오픽노잼,오픽노잼,PAGODA Books
915,부자의 언어(양장 리커버 골드씨드 에디션),존 소포릭,윌북(willbook)
916,해커스일본어 JLPT 일본어능력시험 실전모의고사 N2 (5회분),해커스 JLPT 연구소,해커스어학연구소
917,건전지 아빠,전승배,창비
918,우리가 빛의 속도로 갈 수 없다면,김초엽,허블
919,스크루테이프의 편지,C. S. 루이스,홍성사
920,요즘 디자인을 위한 포토샵 & 일러스트레이터,서영열,시프트
921,알사탕 제조법,백희나,스토리보울
922,구름빵,백희나,한솔수북
923,커서 AI로 나만의 수익형 앱 서비스 만들기,빈센트,루비페이퍼
924,2025 2차 대비 강해준 경찰학 전범위 모의고사,강해준,새시대
925,"몸, 내 안의 우주",남궁인,문학동네
926,북두의 권 신장판 9,부론슨,학산문화사
927,켄투리아 1 더블특전판,쿠라모리 토오루,학산문화사
928,에그박사의 어쩌면 사라질 사파리,에그박사,다락원
929,에이지테크(AgeTech),김영선,kmac
930,애리의 인생 레시피,장애리,겸엑스
931,친구 사이에도 예의가 필요해,한진아,길벗스쿨
932,2026 선재국어 이렇게 나온다 신유형 공무원 국어,이선재,에스티유니타스
933,킹덤 (KINGDOM) 73,하라 야스히사,대원
934,지금 이 순간을 살아라,에크하르트 톨레,양문
935,인생 녹음 중,인생 녹음 중,김영사
936,2025 써니 행정법총론 봉투모의고사 (4회),박준철,제이씨에듀
937,내 마음 다친 줄 모르고 어른이 되었다,김호성,온더페이지
938,2025 알기사 정보보안기사(산업기사) 실기,정일영,지안에듀
939,이상한 집 2,우케쓰,리드비(READbie)
940,그 개와 혁명,예소연,다산책방
941,말하고 싶은 비밀 Vol.3,사쿠라 이이요,모모
942,"아이에게 딱 하나만 가르친다면, 자기 조절",김효원,웨일북
943,가난한 찰리의 연감,찰리 멍거,김영사
944,왜왜왜 동아리,진형민,창비
945,2025 에듀윌 산업안전기사 필기 한권끝장 [이론편+기출문제편],최창률,에듀윌
946,내가 아직 쓰지 않은 것,최승호 외,문학동네
947,아몬드,손원평,다즐링
948,아비투스,도리스 메르틴,다산초당
949,오백 년째 열다섯 2,김혜정,위즈덤하우스
950,서툰 어른 처방전,박대선,강한별
951,룩 백,후지모토 타츠키,학산문화사
952,JLPT(일본어능력시험) 한권으로 끝내기 N2,기타지마 치즈코,다락원
953,백년운동,정선근,아티잔
954,슬픔을 공부하는 슬픔,신형철,한겨레출판
955,데미안 : 오리지널 초판본 표지디자인,헤르만 헤세,코너스톤(도서)
956,정확한 사랑의 실험,신형철,마음산책
957,참을 수 없는 존재의 가벼움,밀란 쿤데라,민음사
958,눈물 상자,한강,문학동네
959,젊은 베르테르의 슬픔,요한 볼프강 폰 괴테,민음사
960,요즘 우아한 AI 개발,우아한형제들,골든래빗
961,왼손에게,한지원,사계절
962,일단 떠나는 수밖에,김남희,수오서재
963,슬로 조깅,다나카 히로아키,레몬한스푼
964,호수 모자,유경미,아소비책방
965,아주 희미한 빛으로도,최은영,문학동네
966,추락 여고생과 폐인 교사 19,소라,학산문화사
967,고블린 슬레이어 외전 2 : 악명의 태도 下,카규 쿠모,디앤씨미디어(D&C미디어)
968,어차피 울 거라면 사랑이 좋아 4,쿠사카 아키,학산문화사
969,쓰레기 기둥서방 하나 군은 죽고 싶어 해 1,아메코,대원
970,테디노트의 랭체인을 활용한 RAG 비법노트 : 기본편,이경록,리코멘드
971,사람을 융합하라,한의상,경향신문사
972,AI 텐베거 투자,이형수,지베르니
973,세상에서 가장 친절한 종이접기 : 인기편,종이쌤,동양북스(동양books)
974,2025 이동기 영어 신경향 직전동형 모의고사 Vol.2,(주)이앤미래(이동기),지금(도서출판)
975,마법천자문 66,알에스미디어,아울북
976,어른을 위한 고전의 숲,강경희,포레스트북스
977,너구리 라면 가게,최설희,다산어린이
978,2025 프로야구 가이드북,나유리,브레인스토어(BRAINstore)
979,봄밤의 모든 것,백수린,문학과지성사
980,멜로우TV 2 : 어쩌다 게임 오버?!,멜로우 TV,학산문화사(단행본)
981,소득혁명,브라이언 페이지,서삼독
982,리얼 오사카 : 교토 고베 나라,황성민,한빛라이프
983,린치핀,세스 고딘,필름
984,2025 단계별기출 핵심지문 박철한 경찰헌법 OX 시즌 3,박철한,법률저널
985,주아쌤의 툭 치면 탁 나오는 영어회화 (해외 여행 에디션),이정은,몽스북
986,인생의 의미,토마스 힐란드 에릭센,더퀘스트
987,2025 이기적 컴퓨터활용능력 2급 실기 기본서,박윤정,영진닷컴
988,우연은 비켜 가지 않는다,줄리언 반스,다산책방
989,허송세월,김훈,나남
990,일본어 단어 무작정 따라하기,후지이 아사리,길벗이지톡
991,읽으면서 바로 써먹는 어린이 감정 표현,한날,파란정원
992,SQL 자격검정 실전문제,한국데이터진흥원,한국데이터산업진흥원
993,서울 자가에 대기업 다니는 김 부장 이야기 합본호 (30만 부 기념 한정판),송희구,서삼독
994,흐르는 강물처럼,셸리 리드,다산책방
995,귀신들의 땅,천쓰홍,민음사
996,이반 일리치의 죽음,레프 톨스토이,민음사
997,오래 보고 싶었다,나태주,더블북
998,요즘 어른을 위한 최소한의 세계사,임소미,빅피시
999,1%를 읽는 힘,메르,토네이도
